abounding,1
absorbing,3
abundance,1
abundant,1
accepting,1
accessible,1
accident,1
accidental,1
accompanying,2
accomplish,1
accomplishing,1
accordance,2
according,2
accoutrement,1
accusing,1
achievement,1
acquirement,1
activitie,1
adamantine,1
addition,4
additional,4
addresse,2
adherent,1
admirable,2
admiration,3
admirer,1
admiring,3
admission,1
adoration,2
advance,1
advantage,6
adventure,25
adventurer,1
affection,1
afflicting,1
afternoon,14
afterward,8
aggravate,1
agreeable,2
agreement,18
alacrity,2
allowance,1
allowing,1
allusion,1
alongside,4
alteration,2
alternate,1
although,6
altitude,1
altogether,5
amazement,1
ambition,3
ambuscade,1
amidship,1
ammunition,1
amusement,2
ancestor,1
animation,1
animosity,1
annoyance,1
answering,1
antelope,1
anticipation,3
anything,58
anywhere,10
apartment,1
appalling,1
appealing,1
appearing,1
appetite,2
applause,6
applicable,3
application,2
appointment,1
apprehension,2
approach,1
approaching,3
architecture,1
argument,5
aristocracy,1
arranging,1
arriving,1
artillery,1
assembling,1
assistance,1
assyrian,1
astonish,1
astonishment,4
astounding,3
astronomer,2
atmosphere,4
attending,1
attention,15
attitude,2
attorney,2
attraction,1
attrition,1
audience,5
auditory,1
auspice,1
authoritie,1
authority,3
available,2
aversion,1
avocation,1
awfulest,1
backard,1
backbone,1
backward,3
balancing,1
banishment,1
banister,1
barefoot,1
beautie,1
beautiful,8
becoming,2
bedchamber,1
bedclothe,1
bedridden,1
befriend,1
beginning,3
behavior,1
beholden,1
belonging,2
benediction,2
benjamin,1
beseeching,1
bethought,1
betraying,1
bewitching,1
biographical,1
bitterest,1
bitternes,1
blackboard,2
blacknes,2
blanching,1
blanket,2
blessing,3
blindfold,1
blinding,2
blinking,1
blissful,1
bloodcurdling,1
bloodiest,1
blossom,1
blubbering,1
boarding,1
boastful,1
boldnes,1
bothering,2
bothersome,1
boundles,2
branche,2
breaker,1
breakfast,19
breaking,1
breathing,1
breathles,2
brightest,1
brimming,1
brimstone,1
bringing,2
bristling,2
broadcast,1
brooding,2
brother,2
brushing,1
buffaloe,1
building,1
bulletin,1
bulliest,1
bullyrag,1
burglar,1
busines,21
business@pglaf,1
bustling,1
butterflie,1
bystander,1
calculate,1
capacity,2
captive,1
captivity,4
capture,1
careles,1
caressing,1
caricature,1
carpeting,1
carriage,1
carrying,4
catastrophe,2
caterwauling,1
cathedral,1
ceaseles,2
cemetery,1
centurie,1
ceremonie,1
chafing,1
chamber,1
character,6
characteristic,1
charitable,1
charitie,1
charming,1
chattering,2
chatting,1
cheerful,1
cheerfulnes,2
cheerines,1
cheering,1
chiefest,1
children,28
chillier,1
chirping,1
chronicle,1
churche,2
circling,1
circumference,1
circumstance,10
circuse,1
circusing,1
citizen,7
civilization,5
clamping,1
clanging,2
clapping,1
cleanlines,1
clergyman,2
climbing,3
clinging,1
clodding,1
clothing,3
cogitating,2
collection,4
colossal,1
columbu,1
combatant,1
combination,1
comfort,1
comfortable,6
comforter,1
comforting,1
commander,1
committee,1
commonplace,2
communing,2
companie,1
companion,3
companionles,1
companionship,1
compassion,2
compensate,1
compensation,1
compilation,1
complain,1
complaining,1
complete,10
compliance,5
compliment,2
complimentary,1
complying,3
composite,1
composition,7
computer,4
comrade,4
concern,2
concerning,3
conclusion,2
condescend,1
condition,6
conducting,1
confessing,1
confession,2
confidence,6
confident,2
confirmation,1
conflagration,2
conflict,1
confound,1
confusion,1
congratulating,1
congregation,7
congres,1
conqueror,1
conscience,16
consciousnes,2
consequence,4
considerable,10
considering,2
consist,2
consoling,1
consound,2
conspicuousnes,1
constable,1
constant,2
constantinople,2
consternation,1
constructing,1
consuming,2
containing,1
contemplate,3
contemplating,1
contending,1
contentment,3
continent,2
contract,1
contribution,2
convalescent,1
convenience,1
conversation,1
converse,1
conviction,1
convulsion,1
coonville,1
copyright,14
corkscrew,1
corporation,1
corridor,7
cottage,1
counsellor,1
countenance,1
counterfeit,1
countersign,1
counting,1
countrie,3
cracker,1
crashing,1
crawling,1
creaking,1
creating,4
creation,2
creature,12
credible,1
creeping,3
crescent,1
crestfallen,1
crevice,2
critical,2
crookednes,1
crossbone,1
crossing,1
crossroad,1
crusade,1
crushing,1
crystal,1
cupboard,1
curiosity,6
customary,3
cylinder,1
damaging,2
dangling,3
darknes,9
daughter,1
dauntles,1
daylight,11
dazzling,2
deafening,1
deathwatch,1
decanter,1
decaying,1
december,1
declamatory,1
deductible,1
deepening,1
delectable,1
deletion,1
delight,1
delightful,2
delirium,1
delivering,2
delivery,1
depressing,2
depression,4
derision,2
describe,3
describing,1
description,3
deserving,1
desolate,1
desolation,1
desperate,4
desperation,1
despotism,1
dessertspoonful,1
destruction,2
determine,2
devilment,1
dewdrop,1
difference,3
different,6
difficult,1
difficultie,1
difficulty,4
diffident,1
dignitarie,1
diligence,2
diligent,1
diminish,1
diplomacy,1
direction,13
director,1
disagreement,1
disappearing,1
disappointment,4
disaster,1
discharging,3
disciple,2
discipline,2
disclaim,1
disclaimer,4
disclosing,1
discomfort,3
discomforting,1
discontinue,1
discordant,1
discouraging,2
discourse,2
discover,1
discoverer,1
discovering,1
discovery,3
discreet,1
disgrace,2
disguise,1
dismalest,1
dismissal,1
display,1
displaying,4
disposing,1
dissatisfaction,1
distance,19
distinct,4
distinction,3
distinctnes,1
distinguishable,1
distracting,2
distraction,2
distres,10
distressing,1
distribute,6
distributing,7
distribution,6
distributor,1
diverging,1
diversion,1
donation,16
doorknob,1
doorstep,3
doubtful,1
doubtles,2
doughnut,1
douglas,1
downloading,1
downstream,1
downward,3
dragging,4
dramatic,2
dreadful,9
dreading,2
dreaming,1
drearier,1
drearines,1
drenching,1
dressing,1
drifting,7
drinking,1
dripping,4
drooping,4
dropping,2
drownding,1
drowning,1
drowsines,2
drowsing,3
drunkard,1
dumbnes,1
duplicate,1
earliest,1
economize,1
ecstasie,2
edification,1
edition,4
educational,1
effeminate,1
effusion,1
eighteen,2
ejaculation,2
elaboration,1
electric,1
electronic,27
element,1
elephant,1
eloquent,6
elsewhere,3
embellishment,1
embracing,1
emergency,1
eminence,1
emotion,1
emphasi,1
emphasize,1
emphasizing,1
employee,3
encoding,1
encourage,1
encouragement,2
encouraging,1
endurance,1
energie,1
enjoying,1
enjoyment,2
ensuring,1
entering,1
enterprise,4
entertain,1
entertaining,1
entertainment,3
enthusiasm,2
enthusiastic,1
entrance,2
episode,1
equipment,3
escapade,1
estimate,1
eternity,2
european,1
evanescent,1
evening,1
everybody,22
everything,33
everywhere,8
evidence,5
exacting,1
exaltation,1
examination,5
excepting,1
exchange,3
excitement,9
exciting,3
exclaiming,1
exclusion,1
executing,1
exercise,6
exercising,1
exertion,2
exhausting,1
exhibition,1
existence,1
expectant,1
expecting,6
expectorate,1
expectoration,1
expedition,3
expense,2
experience,4
experiment,1
experimenter,1
expiring,1
explanation,3
exploit,1
exploring,2
explosion,2
exporting,1
exposing,1
expression,2
exterior,1
extremity,1
exultation,3
eyeball,2
facility,2
facultie,4
faintest,2
fainting,1
fairbank,1
familiar,6
familiarity,2
familie,1
fanciful,1
fantastic,1
farewell,1
fascinate,1
fascinating,1
fascination,4
fastening,1
favorite,2
feasting,1
feather,1
feature,1
feeblenes,1
feeling,3
felicity,1
ferryboat,12
festivitie,1
festivity,1
festoon,1
festooning,1
fetching,1
fidgeting,1
fighting,2
firearm,1
firecracker,2
fireplace,2
firmnes,1
fishhook,1
flatboat,1
flattery,1
fleeting,2
flickering,3
flinder,2
flirtation,1
flitting,2
floating,2
flocking,1
flogging,3
flooding,1
floorles,1
floundering,1
flourish,1
fluctuating,1
fluttering,4
following,6
foolhardy,1
foolishest,1
foolishnes,3
footprint,1
footstep,2
forbearance,1
forbidden,1
forefinger,1
forehead,1
forenoon,1
foretopmaststun,1
forgetting,1
forgivenes,2
forgiving,1
forgotten,4
formidable,3
forsaken,1
fortnight,2
foundation,30
fountain,2
fragment,3
fragrance,1
fragrant,1
franklin,1
fretting,1
friendles,2
friendship,1
frighten,1
frisking,1
frivolity,1
frolicking,1
frontispiece,1
frostwork,1
fruitles,1
fugitive,1
function,1
fundraising,1
funeral,2
funereal,1
furniture,2
futility,1
garment,3
gathering,3
gbnewby@pglaf,1
generation,3
geniality,1
gentleman,3
gentlemen,4
genuwyne,1
geography,2
gesticulation,1
gesture,1
gladnes,2
glancing,4
gleaming,1
glimmering,1
glinting,1
glittering,3
gloating,1
glorying,1
glowering,1
goodheartednes,1
goodnes,6
gorgeousnes,1
government,2
governor,2
graceful,1
grandeur,4
grandmother,2
grateful,10
gratefulnes,1
gratification,2
gratifying,1
gratitude,11
graveyard,8
greatest,3
greatnes,1
greenwood,1
grieving,3
gripping,1
groaning,4
grotesque,1
grumbling,1
grunting,1
guessing,1
guidance,1
guileful,1
guiltiest,1
guisborne,2
gutenberg,93
gymnastic,1
hammering,2
handbarrow,1
handbreadth,1
handkerchief,4
handsome,1
handspring,1
happening,2
happiest,2
happines,4
harbison,5
harmles,1
hartford,1
haunche,1
headboard,2
headquarter,2
heartbreak,1
heartbreaking,1
heartie,1
heartier,1
heavenward,1
heedles,1
helples,2
hendering,1
hesitating,2
hesitation,1
highroad,1
hilarity,1
hillside,1
hogshead,7
homeles,2
homesick,2
homesicknes,2
homeward,6
honorable,1
hopeles,4
hopelessnes,2
horsemen,1
hospitable,1
hospitality,2
huckleberry,29
humiliation,2
hundred,4
hungrier,1
hurricane,2
hypercritical,2
hypertext,1
hyroqwhich,1
identification,1
identify,1
idlenes,1
ignorance,1
ignorant,1
illinoi,2
illuminate,1
imaginary,5
imagination,5
imagining,1
imitation,2
immediate,3
imminence,1
imminent,1
immortal,1
immunity,1
impatience,1
impatient,3
imperfect,1
imperishable,1
importance,2
important,3
imposing,3
impossibility,1
impossible,1
impression,1
impressivenes,2
improvement,1
improving,1
impudence,1
inaccurate,1
incantation,5
incident,3
incidental,1
inclination,1
include,1
including,9
incomplete,1
inconceivable,1
inconsistent,1
incorruptible,1
increasing,1
incredible,2
indecision,1
indemnify,1
indemnity,1
independent,1
indestructible,1
indicate,1
indicating,1
indifference,3
indifferent,5
indigestion,1
indirect,1
individual,5
industry,2
inestimable,1
inevitable,1
infallible,1
infernal,3
influence,2
information,9
infringement,1
ingenuity,1
ingredient,1
initial,1
initiation,2
innocent,2
innumerable,1
inquest,3
inquirie,1
inquiring,4
insecure,1
insignificance,1
insignificant,1
insincerity,1
inspection,3
inspiration,5
inspiring,2
instinct,1
instrument,1
intangible,1
intellectual,2
intending,2
interest,24
interesting,3
interfere,2
interfering,1
internal,1
international,1
interruption,3
interval,5
intervening,1
intolerable,6
intonation,2
intrepid,1
intricate,1
introduce,1
intruder,1
inundation,1
invalidity,1
invention,1
inveterate,2
invisible,1
invitation,2
inviting,1
irresistible,1
irresponsible,1
irritation,1
jealousy,2
journal,1
jubilant,4
judgment,3
junction,1
juncture,1
juvenile,5
kindling,1
knitting,1
knowledge,1
knuckle,1
labboard,2
labyrinth,3
lacerate,1
laggard,1
landslide,1
langhorne,1
language,5
lashing,1
latching,1
laudation,1
laughing,2
laughter,8
lawrence,7
learning,1
leastway,2
legitimate,1
lethargy,1
lexington,1
liability,3
librarian,1
lickrish,1
lifeles,1
lightest,1
lighting,2
lightning,12
limestone,2
limitation,3
limitles,1
lingering,3
lingling,1
listener,2
listening,8
literary,13
literature,1
location,2
loitering,1
lonelines,4
lonesome,3
lonesomer,1
lonesomest,1
longing,2
longside,1
lookyhere,6
lovelines,1
luckles,1
luncheon,1
lunching,1
magnificent,1
maintaining,1
maintogalan,1
majestic,4
majority,1
manifest,3
manuscript,2
marching,1
marriage,1
massacre,1
matchles,1
mcdougal,3
meantime,3
meanwhile,1
measureles,2
measuring,1
medicine,4
meditating,1
meditation,1
meeting,2
memorie,4
memorize,1
memorizing,1
menagerie,1
menendez,2
mentioning,1
merchantibility,1
merciful,2
merciles,1
mesmerizer,1
message,1
messenger,1
middling,1
midnight,17
military,2
millennium,1
million,1
millionth,1
mindednes,1
mingling,1
minister,13
minstrel,1
mischief,4
miscreant,1
miserable,7
miserie,3
misfortune,4
misgiving,3
mississippi,3
missouri,5
mistake,1
mistaking,1
moccasin,1
moderate,1
modification,1
monarch,1
monarchie,1
moonlight,2
moreover,2
morning,1
motherles,1
motionles,1
mountain,4
mourner,2
mournful,1
mourning,2
movement,2
mufferson,1
multitude,1
murderer,3
murderin,1
muttering,2
narrower,1
national,1
necessary,6
negligence,1
neighbor,4
neighborhood,4
neighboring,4
nerveles,2
nevertheles,9
newsletter,1
newspaper,1
nibbling,1
nightfall,3
nightmare,1
nobility,1
noncommittal,1
nonproprietary,1
nonsense,1
northern,1
nostril,2
notching,1
noteworthy,1
nothingnes,1
noticing,4
notifie,1
notoriety,2
nottingham,1
notwithstanding,2
noveltie,1
nowaday,1
nuisance,1
numskull,1
obedient,1
oblivion,1
observer,1
obsolete,1
obstruction,1
obtaining,2
occasion,6
occasional,2
occupying,1
occurring,1
offering,1
officer,2
omission,1
omniscient,1
onslaught,1
operation,2
opportunitie,2
opportunity,9
opposer,1
opposite,1
oppressivenes,1
oriental,1
original,3
originality,2
originator,1
ostentation,1
otherwise,2
ourselve,1
outburst,1
outline,1
outlying,1
outrageousnes,1
outspoken,1
overboard,1
overcome,1
overflowing,1
overhanging,1
overhead,4
overheard,1
overlook,1
overlooking,1
overwhelm,1
overwhelming,2
painkiller,1
palenes,1
palpable,1
pantalette,1
pantaloon,1
panting,1
paperwork,1
paragraph,14
parentage,1
partiality,1
participating,1
particular,9
passage,4
passenger,3
pathetic,3
pathles,1
patience,1
pattering,1
payment,3
peaceful,3
peculiar,4
peculiarity,1
peppering,1
perceptible,4
percussion,3
performance,5
performer,1
performing,4
periodic,1
periodical,2
perishing,2
permanency,1
permanent,1
permission,7
perplexity,2
persecution,1
personage,1
personal,1
personating,2
perspiring,1
persuade,1
persuasion,1
pervading,3
petersburg,7
petition,3
petitioner,1
philosopher,1
phrenological,1
phrenologist,1
physical,2
physician,1
picnicker,1
picture,6
picturesque,1
pinchbug,3
piracie,2
piratical,1
pirating,4
pitfall,1
planking,1
planning,1
plaster,1
platform,4
plausibilitie,1
plausible,2
playmate,1
plaything,1
pleasant,4
pleasanter,1
pleasantest,1
pleasurable,2
pleasure,4
plotting,1
ploughing,1
plunging,1
pointing,1
polishing,1
political,1
population,1
position,2
possession,7
possibilitie,2
possibility,4
possible,6
postmaster,1
pounding,2
powerful,4
practise,2
prancing,2
preacher,2
precipice,1
pregnant,1
premature,1
premise,2
preparation,3
presbyterian,1
presence,6
preservation,1
preserve,1
president,3
pressing,2
pressure,2
pretending,2
prevailing,1
prevalent,2
priceles,1
principal,2
principle,1
prisoner,9
privilege,3
proceeding,3
processing,1
procession,7
proclaiming,1
producing,1
production,1
profanity,1
professing,1
professor,2
profound,5
programme,1
progres,3
prohibition,1
projection,1
promising,2
promoting,2
promotion,1
prompting,1
proofread,1
property,5
prophecy,1
prophesying,1
proprietary,1
proprietor,1
prosecution,3
prospect,1
protection,3
proudest,3
providing,4
provision,8
pummelling,1
punching,1
punctuate,1
punctuation,1
punishing,1
punishment,2
pyramid,1
quantity,2
quarrelling,1
quarter,2
quartering,2
question,10
questioning,1
quicksilver,1
quivering,2
quotation,2
raftsmen,1
rascalitie,1
rattlesnake,1
ravishing,1
reaching,2
readable,2
realizing,1
rearward,4
reasonable,2
recalling,2
receiving,1
recitation,1
reciting,1
recognition,2
recollect,4
recollecting,1
recollection,1
reconciliation,1
recreation,2
redistribute,1
redistributing,2
redistribution,2
reference,5
reflection,4
refreshing,1
regarding,1
regretful,1
regularity,1
regulating,1
relieving,1
religion,2
reluctance,1
remaining,2
remarkable,1
remedie,2
remember,14
remembering,2
remembrance,1
reminding,1
remotenesse,1
repentance,1
repentant,1
repetition,2
repining,1
replacement,5
reposeful,1
representation,1
representing,2
reprimand,1
reproach,1
requirement,5
research,2
resembling,1
resentment,2
resignation,1
resolution,5
resource,1
respectable,4
response,4
responsible,3
restles,4
restraint,1
restriction,2
resumption,1
resurrection,2
retching,1
retiring,1
retribution,1
returning,1
revealing,2
revealment,1
revelation,1
revengeful,2
reverberation,1
reverence,1
reverent,1
reviving,1
ridicule,1
rintendent,1
riverson,1
roasting,1
robinson,2
rogerse,1
roglyphic,2
rollicking,1
romantic,7
roughest,1
roundabout,4
royaltie,2
rubbishy,1
ruination,1
rumbling,1
rustling,6
sackcloth,2
sagacity,1
sarcasm,1
satisfaction,3
satisfactory,10
saturday,16
savagery,1
sawbone,1
scalping,1
scholar,7
schoolboy,1
schoolgirl,1
schoolhouse,10
schoolmaster,3
schoolmate,3
schoolyard,2
scolding,2
scorching,1
scoundrel,1
scraping,1
screaming,1
scribble,1
scriptural,4
scripture,2
scuffling,2
searcher,5
searching,3
secondary,1
section,1
security,2
sediment,1
seduction,2
selfishnes,1
sensation,3
senseles,1
sentence,5
sentiment,2
separate,2
sepulchral,1
servant,1
settlement,1
seventeenth,1
shabbier,2
shackle,2
shadowles,1
shedding,1
sheepish,1
sheltering,1
sheriff,1
sherwood,2
shimmering,1
shingle,1
shivering,1
shortcoming,1
shoulder,10
shouting,4
shuddering,1
sickening,1
sicknes,1
sidewalk,2
sidewise,1
silence,1
simpering,1
simplest,1
simplicity,1
situation,5
sixpence,1
skeleton,1
sketche,1
sketching,1
skinning,1
skipping,2
skurrying,1
skylarking,4
slanting,1
slather,2
slaughter,5
sleepiest,1
sleeping,3
slightest,2
slipping,2
slitting,1
slumber,1
smartnes,1
smoothing,1
smother,1
smothering,1
smothery,1
smouldering,1
snarling,1
snatche,1
snatching,1
sneaking,1
sniffing,1
snowbank,1
snuffling,2
snuggest,1
sociable,1
societie,1
softnes,1
solemnitie,2
solemnity,3
solicitation,1
solitary,1
solution,1
sombrero,1
somebody,18
something,66
sometime,19
somewhat,4
somewhere,6
soothing,1
sorrowful,1
sorrowing,1
southwestern,1
spangle,1
spaniard,14
spasmodic,1
speaking,2
specific,1
spectacle,10
spectator,1
speechles,1
speeding,1
spelling,7
splendid,7
splendor,7
splitting,1
splutter,1
spouting,1
sprawling,3
spreading,6
sputtering,1
squeaking,1
squeeze,1
squirrel,1
stabboard,3
staggering,1
staircase,1
stairway,4
stalactite,3
stalagmite,3
stalwart,1
standing,13
standstill,1
starboard,1
starlight,1
starting,1
statement,5
stealing,3
stealthy,2
steamboat,2
stepping,1
sticking,1
stifling,1
stillnes,9
stinging,1
stirring,4
stooping,1
stopping,1
straggle,1
straggler,2
straggling,2
straight,7
straightway,4
stranger,11
strangling,2
streaming,3
strength,5
stricken,4
striking,1
stronger,4
strongest,1
structure,1
struggle,7
struggling,4
stubborn,2
studying,2
stumbling,1
stunning,2
subject,1
sublimity,1
subscribe,1
subscriber,1
subsidence,1
substance,1
substitute,1
subterranean,1
succeeding,2
successful,2
succession,2
suddennes,1
sufferer,4
suffering,15
sufficient,4
suffocating,1
suggestion,1
summerset,1
sunlight,1
sunshine,2
superabundance,1
superintendent,7
superior,1
superstition,4
supervision,1
supplication,1
supposing,1
surprise,9
surprising,1
surrounding,2
surveying,1
suspender,3
suspense,1
suspicion,6
swallowing,1
swarming,1
swearing,1
sweeping,2
sweetmeat,2
swelling,1
swimmer,1
swimming,10
swinging,1
switche,1
sycamore,5
symmetrical,1
sympathy,5
symptom,2
tackling,1
tadpole,1
tallapoosa,1
tallassee,1
teacher,5
teaspoon,2
teaspoonful,1
telegraph,1
telegraphic,1
telltale,1
temperance,5
temporary,1
temptation,5
tempting,1
tenantles,1
tendency,1
tendernes,1
terrible,3
terrific,2
territory,1
testament,1
testifying,2
testimony,1
thankful,4
thankfullest,1
thanksgiving,1
thatcher,45
theatrical,1
themselve,31
theorie,1
thereabout,2
therefore,9
thimbleful,1
thinking,11
thorough,1
thought,4
thoughtful,2
thousand,18
thrashing,1
threadbare,2
threatening,3
threshold,2
throughout,1
throwing,3
thunderbolt,2
thunderstorm,1
thursday,4
tingling,1
tiptoeing,2
tiresome,1
tittering,4
tobacker,1
together,31
tollable,1
tombstone,1
toothache,2
toppling,1
torturing,1
touching,2
tourist,2
townward,1
tracking,1
trackles,1
trademark,11
tradition,2
traditional,1
trampling,1
tranquil,3
transcendent,1
transcribe,1
transcription,1
transparent,1
traversing,1
treachery,1
treasure,27
treatment,4
trembling,3
trickling,1
trifling,1
trinket,1
tripping,2
triumphant,1
trooping,1
trouble,8
troublesome,3
trouser,4
tumblebug,1
tumbling,5
twilight,7
twinkling,1
twitching,1
unaccountable,1
unappeasable,2
unavailing,2
unaware,1
unbearable,1
unbroken,1
unbutton,1
uncertain,1
uncertainty,2
uncomfortable,8
underbrush,1
undergoing,1
undergrowth,1
understand,7
understanding,2
understood,3
uneasines,3
unenforceability,1
unfeeling,1
unflagging,1
unfolding,1
unfortunate,1
ungraspable,1
unhealthy,1
unimaginable,1
unkindnes,1
unnecessarie,1
unnecessary,1
unpalatable,1
unpiratical,1
unpleasant,1
unpromising,1
unquenchable,1
unreasoning,1
unromantic,1
unselfish,1
unshaken,1
unsought,1
unspeakable,1
unsteady,1
unsympathetic,1
unwelcoming,1
unwinding,1
unworthy,1
upsetting,2
upstream,2
utterance,1
vacation,6
vagabond,1
valuable,1
vanquish,1
vastnes,1
vegetation,1
vehicle,1
venerable,1
vengeance,2
vengeful,1
ventilation,1
verdigrease,2
vestibule,3
vexation,4
vicinity,3
village,1
villager,5
villain,3
violate,1
visiting,2
visitor,5
vivacity,1
volunteer,7
wailing,1
wakefulnes,1
wandering,1
wardrobe,2
warrantie,3
warranty,2
wartiest,1
washington,1
wasteful,1
watchful,1
watching,8
watchman,2
wavering,1
weakening,1
weakling,1
weaknes,2
wealthier,1
wearines,1
wearisome,1
wednesday,5
wellnigh,1
welshman,20
weltering,1
whatever,2
whatsoever,2
whenever,4
whereupon,1
wherever,5
whichever,1
whipping,4
whippoorwill,1
whirling,1
whisker,2
whisper,7
whispering,8
whistling,1
whitewash,8
whitewashin,1
whitewashing,4
whithersoever,1
whooping,2
wildnes,1
wildwood,1
william,5
windfall,2
witching,3
withdrawing,1
withheld,1
witnesse,2
wonderful,2
wondering,6
woodpecker,2
worrying,1
worshipful,1
wretchednes,2
wringing,1
yearning,2
yesterday,3
yielding,1
yourself,13
yourselve,2
youthful,1
